DROP TABLE EMPLOI_PRECEDENT CASCADE CONSTRAINTS;

DROP TABLE DROIT CASCADE CONSTRAINTS;

DROP TABLE UTILISATEUR CASCADE CONSTRAINTS;

DROP TABLE PLAN_FORMATION CASCADE CONSTRAINTS;

DROP TABLE CIVILITE CASCADE CONSTRAINTS;

DROP TABLE SITUATION_FAMILIALE CASCADE CONSTRAINTS;

DROP TABLE SESSIONS CASCADE CONSTRAINTS;

DROP TABLE COMPETENCE CASCADE CONSTRAINTS;

DROP TABLE NIVEAU_ETUDE CASCADE CONSTRAINTS;

DROP TABLE CONTRAT CASCADE CONSTRAINTS;

DROP TABLE FORMATION CASCADE CONSTRAINTS;

DROP TABLE METIER CASCADE CONSTRAINTS;

DROP TABLE ORGANISME CASCADE CONSTRAINTS;

DROP TABLE POSTE CASCADE CONSTRAINTS;

DROP TABLE DIPLOME CASCADE CONSTRAINTS;

DROP TABLE EVALUATION CASCADE CONSTRAINTS;

DROP TABLE CATEGORIE CASCADE CONSTRAINTS;

DROP TABLE EMPLOYE CASCADE CONSTRAINTS;

DROP TABLE THEME CASCADE CONSTRAINTS;

DROP TABLE NIVEAU_REQUIS CASCADE CONSTRAINTS;

DROP TABLE NIVEAU_EVAL CASCADE CONSTRAINTS;

DROP TABLE INSCRIPTION CASCADE CONSTRAINTS;

DROP TABLE NIVEAU_FORM CASCADE CONSTRAINTS;

CREATE TABLE EMPLOI_PRECEDENT
   (
    ID NUMBER  NOT NULL,
    ID_CONTRAT NUMBER  NOT NULL,
    ID_EMPLOYE NUMBER  NOT NULL,
    DATE_DEBUT DATE  NOT NULL,
    DATE_FIN DATE  NOT NULL,
    ENTREPRISE VARCHAR2(128)  NOT NULL,
    POSTE VARCHAR2(128)  NOT NULL,
    DESCRIPTION VARCHAR2(255)  NULL
,   CONSTRAINT PK_EMPLOI_PRECEDENT PRIMARY KEY (ID)  
   ) ;

CREATE  INDEX I_FK_EMPLOI_PRECEDENT_CONTRAT
     ON EMPLOI_PRECEDENT (ID_CONTRAT ASC)
    ;

CREATE  INDEX I_FK_EMPLOI_PRECEDENT_EMPLOYE
     ON EMPLOI_PRECEDENT (ID_EMPLOYE ASC)
    ;


CREATE TABLE DROIT
   (
    ID NUMBER  NOT NULL,
    LIBELLE VARCHAR2(128)  NOT NULL
,   CONSTRAINT PK_DROIT PRIMARY KEY (ID)  
   ) ;



CREATE TABLE UTILISATEUR
   (
    ID NUMBER  NOT NULL,
    ID_DROIT NUMBER  NOT NULL,
    NOM VARCHAR2(128)  NOT NULL,
    LOGIN VARCHAR2(128)  NOT NULL,
    PASS VARCHAR2(32)  NOT NULL
,   CONSTRAINT PK_UTILISATEUR PRIMARY KEY (ID)  
   ) ;


CREATE  INDEX I_FK_UTILISATEUR_DROIT
     ON UTILISATEUR (ID_DROIT ASC)
    ;


CREATE TABLE PLAN_FORMATION
   (
	ID NUMBER  NOT NULL,
    ANNEE NUMBER(4)  NOT NULL
,   CONSTRAINT PK_PLAN_FORMATION PRIMARY KEY (ID)  
   ) ;


CREATE TABLE CIVILITE
   (
    ID NUMBER  NOT NULL,
    LIBELLE VARCHAR2(128)  NOT NULL
,   CONSTRAINT PK_CIVILITE PRIMARY KEY (ID)  
   ) ;


CREATE TABLE SITUATION_FAMILIALE
   (
    ID NUMBER  NOT NULL,
    LIBELLE VARCHAR2(128)  NOT NULL
,   CONSTRAINT PK_SITUATION_FAMILIALE PRIMARY KEY (ID)  
   ) ;


CREATE TABLE SESSIONS
   (
    ID NUMBER  NOT NULL,
	ID_FORMATION NUMBER  NOT NULL,
    ID_PLAN_FORMATION NUMBER  NOT NULL,
    DATE_DEBUT DATE  NOT NULL,
    DATE_FIN DATE  NOT NULL
,   CONSTRAINT PK_SESSIONS PRIMARY KEY (ID)  
   ) ;

CREATE  INDEX I_FK_SESSIONS_PLAN_FORMATION
     ON SESSIONS (ID_PLAN_FORMATION ASC)
    ;

CREATE  INDEX I_FK_SESSIONS_FORMATION
     ON SESSIONS (ID_FORMATION ASC)
    ;


CREATE TABLE COMPETENCE
   (
    ID NUMBER  NOT NULL,
    LIBELLE VARCHAR2(128)  NOT NULL
,   CONSTRAINT PK_COMPETENCE PRIMARY KEY (ID)  
   ) ;


CREATE TABLE NIVEAU_ETUDE
   (
    ID NUMBER  NOT NULL,
    LIBELLE VARCHAR2(128)  NOT NULL
,   CONSTRAINT PK_NIVEAU_ETUDE PRIMARY KEY (ID)  
   ) ;


CREATE TABLE CONTRAT
   (
    ID NUMBER  NOT NULL,
    LIBELLE VARCHAR2(128)  NOT NULL
,   CONSTRAINT PK_CONTRAT PRIMARY KEY (ID)  
   ) ;


CREATE TABLE FORMATION
   (
    ID NUMBER  NOT NULL,
    ID_ORGANISME NUMBER  NOT NULL,
    LIBELLE VARCHAR2(128)  NOT NULL,
    PRIX_PAR_PERSONNE NUMBER(7,2)  NOT NULL,
    DUREE CHAR(32)  NOT NULL
,   CONSTRAINT PK_FORMATION PRIMARY KEY (ID)  
   ) ;


CREATE  INDEX I_FK_FORMATION_ORGANISME
     ON FORMATION (ID_ORGANISME ASC)
    ;


CREATE TABLE METIER
   (
    ID NUMBER  NOT NULL,
    ID_CATEGORIE NUMBER  NOT NULL,
    LIBELLE VARCHAR2(128)  NOT NULL
,   CONSTRAINT PK_METIER PRIMARY KEY (ID)  
   ) ;


CREATE  INDEX I_FK_METIER_CATEGORIE
     ON METIER (ID_CATEGORIE ASC)
    ;


CREATE TABLE ORGANISME
   (
    ID NUMBER  NOT NULL,
    NOM VARCHAR2(128)  NOT NULL,
    DESCRIPTION VARCHAR2(1000)  NULL
,   CONSTRAINT PK_ORGANISME PRIMARY KEY (ID)  
   ) ;

CREATE TABLE POSTE
   (
    ID NUMBER  NOT NULL,
    ID_METIER NUMBER  NOT NULL,
    LIBELLE VARCHAR2(128)  NOT NULL,
    ESTOCCUPE NUMBER(1)  NOT NULL
,   CONSTRAINT PK_POSTE PRIMARY KEY (ID)  
   ) ;


CREATE  INDEX I_FK_POSTE_METIER
     ON POSTE (ID_METIER ASC)
    ;


CREATE TABLE DIPLOME
   (
    ID NUMBER  NOT NULL,
    ID_NIVEAU NUMBER  NOT NULL,
    ID_EMPLOYE NUMBER  NOT NULL,
    DENOMINATION VARCHAR2(128)  NOT NULL,
    ETABLISSEMENT VARCHAR2(128)  NULL,
    ANNEE NUMBER(4)  NULL
,   CONSTRAINT PK_DIPLOME PRIMARY KEY (ID)  
   ) ;


CREATE  INDEX I_FK_DIPLOME_NIVEAU_ETUDE
     ON DIPLOME (ID_NIVEAU ASC)
    ;

CREATE  INDEX I_FK_DIPLOME_EMPLOYE
     ON DIPLOME (ID_EMPLOYE ASC)
    ;


CREATE TABLE EVALUATION
   (
    ID NUMBER  NOT NULL,
    ID_EMPLOYE NUMBER  NOT NULL,
    DATE_EVAL DATE  NOT NULL,
    COMMENTAIRE VARCHAR2(255)  NULL
,   CONSTRAINT PK_EVALUATION PRIMARY KEY (ID)  
   ) ;


CREATE  INDEX I_FK_EVALUATION_EMPLOYE
     ON EVALUATION (ID_EMPLOYE ASC)
    ;


CREATE TABLE CATEGORIE
   (
    ID NUMBER  NOT NULL,
    ID_THEME NUMBER  NOT NULL,
    LIBELLE VARCHAR2(128)  NOT NULL
,   CONSTRAINT PK_CATEGORIE PRIMARY KEY (ID)  
   ) ;


CREATE  INDEX I_FK_CATEGORIE_THEME
     ON CATEGORIE (ID_THEME ASC)
    ;

CREATE TABLE EMPLOYE
   (
    ID NUMBER  NOT NULL,
    ID_CIVILITE NUMBER  NOT NULL,
    ID_SITUATION_FAMILIALE NUMBER  NOT NULL,
    ID_POSTE NUMBER  NULL,
    NOM VARCHAR2(128)  NOT NULL,
    PRENOM VARCHAR2(128)  NOT NULL,
    TELEPHONE_PRO VARCHAR2(20)  NULL,
    TELEPHONE_MOBILE VARCHAR2(20)  NULL,
    TELEPHONE_PERSO VARCHAR2(20)  NULL,
    FAX VARCHAR2(20)  NULL,
    DATE_NAISSANCE DATE  NOT NULL,
    EMAIL VARCHAR2(128)  NULL,
    ADR_RUE VARCHAR2(255)  NOT NULL,
    ADR_CP VARCHAR2(10)  NOT NULL,
    ADR_VILLE VARCHAR2(128)  NOT NULL,
    DESCRIPTION VARCHAR2(255)  NULL,
    NB_ENFANTS NUMBER(2)  NULL
,   CONSTRAINT PK_EMPLOYE PRIMARY KEY (ID)  
   ) ;


CREATE  INDEX I_FK_EMPLOYE_CIVILITE
     ON EMPLOYE (ID_CIVILITE ASC)
    ;

CREATE  INDEX I_FK_EMPLOYE_SITUATION_FAMILIA
     ON EMPLOYE (ID_SITUATION_FAMILIALE ASC)
    ;

CREATE UNIQUE INDEX I_FK_EMPLOYE_POSTE
     ON EMPLOYE (ID_POSTE ASC)
    ;


CREATE TABLE THEME
   (
    ID NUMBER  NOT NULL,
    LIBELLE VARCHAR2(128)  NOT NULL
,   CONSTRAINT PK_THEME PRIMARY KEY (ID)  
   ) ;


CREATE TABLE NIVEAU_REQUIS
   (
    ID_POSTE NUMBER  NOT NULL,
    ID_COMPETENCE NUMBER  NOT NULL,
    NIVEAU NUMBER(1)  NOT NULL
,   CONSTRAINT PK_NIVEAU_REQUIS PRIMARY KEY (ID_POSTE, ID_COMPETENCE)  
   ) ;


CREATE  INDEX I_FK_NIVEAU_REQUIS_POSTE
     ON NIVEAU_REQUIS (ID_POSTE ASC)
    ;

CREATE  INDEX I_FK_NIVEAU_REQUIS_COMPETENCE
     ON NIVEAU_REQUIS (ID_COMPETENCE ASC)
    ;


CREATE TABLE NIVEAU_EVAL
   (
    ID_EVALUATION NUMBER  NOT NULL,
    ID_COMPETENCE NUMBER  NOT NULL,
    NIVEAU NUMBER(1)  NOT NULL
,   CONSTRAINT PK_NIVEAU_EVAL PRIMARY KEY (ID_EVALUATION, ID_COMPETENCE)  
   ) ;


CREATE  INDEX I_FK_NIVEAU_EVAL_EVALUATION
     ON NIVEAU_EVAL (ID_EVALUATION ASC)
    ;

CREATE  INDEX I_FK_NIVEAU_EVAL_COMPETENCE
     ON NIVEAU_EVAL (ID_COMPETENCE ASC)
    ;


CREATE TABLE INSCRIPTION
   (
    ID_EMPLOYE NUMBER  NOT NULL,
    ID_SESSION NUMBER  NOT NULL,
    ETAT VARCHAR2(128)  NULL,
    PRESENCE NUMBER(1)  NULL
,   CONSTRAINT PK_INSCRIPTION PRIMARY KEY (ID_EMPLOYE, ID_SESSION)  
   ) ;



CREATE  INDEX I_FK_INSCRIPTION_EMPLOYE
     ON INSCRIPTION (ID_EMPLOYE ASC)
    ;

CREATE  INDEX I_FK_INSCRIPTION_SESSIONS
     ON INSCRIPTION (ID_SESSION ASC)
    ;


CREATE TABLE NIVEAU_FORM
   (
    ID_COMPETENCE NUMBER  NOT NULL,
    ID_FORMATION NUMBER  NOT NULL,
    NIVEAU NUMBER(1)  NOT NULL
,   CONSTRAINT PK_NIVEAU_FORM PRIMARY KEY (ID_COMPETENCE, ID_FORMATION)  
   ) ;


CREATE  INDEX I_FK_NIVEAU_FORM_COMPETENCE
     ON NIVEAU_FORM (ID_COMPETENCE ASC)
    ;

CREATE  INDEX I_FK_NIVEAU_FORM_FORMATION
     ON NIVEAU_FORM (ID_FORMATION ASC)
    ;



ALTER TABLE EMPLOI_PRECEDENT ADD (
     CONSTRAINT FK_EMPLOI_PRECEDENT_CONTRAT
          FOREIGN KEY (ID_CONTRAT)
               REFERENCES CONTRAT (ID))   ;

ALTER TABLE EMPLOI_PRECEDENT ADD (
     CONSTRAINT FK_EMPLOI_PRECEDENT_EMPLOYE
          FOREIGN KEY (ID_EMPLOYE)
               REFERENCES EMPLOYE (ID) ON DELETE CASCADE)  ;

ALTER TABLE UTILISATEUR ADD (
     CONSTRAINT FK_UTILISATEUR_DROIT
          FOREIGN KEY (ID_DROIT)
               REFERENCES DROIT (ID))   ;

ALTER TABLE SESSIONS ADD (
     CONSTRAINT FK_SESSIONS_PLAN_FORMATION
          FOREIGN KEY (ID_PLAN_FORMATION)
               REFERENCES PLAN_FORMATION (ID) ON DELETE CASCADE)   ;

ALTER TABLE SESSIONS ADD (
     CONSTRAINT FK_SESSIONS_FORMATION
          FOREIGN KEY (ID_FORMATION)
               REFERENCES FORMATION (ID))   ;

ALTER TABLE FORMATION ADD (
     CONSTRAINT FK_FORMATION_ORGANISME
          FOREIGN KEY (ID_ORGANISME)
               REFERENCES ORGANISME (ID))   ;

ALTER TABLE METIER ADD (
     CONSTRAINT FK_METIER_CATEGORIE
          FOREIGN KEY (ID_CATEGORIE)
               REFERENCES CATEGORIE (ID))   ;

ALTER TABLE POSTE ADD (
     CONSTRAINT FK_POSTE_METIER
          FOREIGN KEY (ID_METIER)
               REFERENCES METIER (ID))   ;

ALTER TABLE DIPLOME ADD (
     CONSTRAINT FK_DIPLOME_NIVEAU_ETUDE
          FOREIGN KEY (ID_NIVEAU)
               REFERENCES NIVEAU_ETUDE (ID))  ;

ALTER TABLE DIPLOME ADD (
     CONSTRAINT FK_DIPLOME_EMPLOYE
          FOREIGN KEY (ID_EMPLOYE)
               REFERENCES EMPLOYE (ID) ON DELETE CASCADE)   ;

ALTER TABLE EVALUATION ADD (
     CONSTRAINT FK_EVALUATION_EMPLOYE
          FOREIGN KEY (ID_EMPLOYE)
               REFERENCES EMPLOYE (ID) ON DELETE CASCADE)   ;

ALTER TABLE CATEGORIE ADD (
     CONSTRAINT FK_CATEGORIE_THEME
          FOREIGN KEY (ID_THEME)
               REFERENCES THEME (ID))   ;

ALTER TABLE EMPLOYE ADD (
     CONSTRAINT FK_EMPLOYE_CIVILITE
          FOREIGN KEY (ID_CIVILITE)
               REFERENCES CIVILITE (ID))   ;

ALTER TABLE EMPLOYE ADD (
     CONSTRAINT FK_EMPLOYE_SITUATION_FAMILIALE
          FOREIGN KEY (ID_SITUATION_FAMILIALE)
               REFERENCES SITUATION_FAMILIALE (ID))   ;

ALTER TABLE EMPLOYE ADD (
     CONSTRAINT FK_EMPLOYE_POSTE
          FOREIGN KEY (ID_POSTE)
               REFERENCES POSTE (ID))   ;

ALTER TABLE NIVEAU_REQUIS ADD (
     CONSTRAINT FK_NIVEAU_REQUIS_POSTE
          FOREIGN KEY (ID_POSTE)
               REFERENCES POSTE (ID))   ;

ALTER TABLE NIVEAU_REQUIS ADD (
     CONSTRAINT FK_NIVEAU_REQUIS_COMPETENCE
          FOREIGN KEY (ID_COMPETENCE)
               REFERENCES COMPETENCE (ID))   ;

ALTER TABLE NIVEAU_EVAL ADD (
     CONSTRAINT FK_NIVEAU_EVAL_EVALUATION
          FOREIGN KEY (ID_EVALUATION)
               REFERENCES EVALUATION (ID))   ;

ALTER TABLE NIVEAU_EVAL ADD (
     CONSTRAINT FK_NIVEAU_EVAL_COMPETENCE
          FOREIGN KEY (ID_COMPETENCE)
               REFERENCES COMPETENCE (ID))   ;

ALTER TABLE INSCRIPTION ADD (
     CONSTRAINT FK_INSCRIPTION_EMPLOYE
          FOREIGN KEY (ID_EMPLOYE)
               REFERENCES EMPLOYE (ID) ON DELETE CASCADE)   ;

ALTER TABLE INSCRIPTION ADD (
     CONSTRAINT FK_INSCRIPTION_SESSIONS
          FOREIGN KEY (ID_SESSION)
               REFERENCES SESSIONS (ID) ON DELETE CASCADE)   ;

ALTER TABLE NIVEAU_FORM ADD (
     CONSTRAINT FK_NIVEAU_FORM_COMPETENCE
          FOREIGN KEY (ID_COMPETENCE)
               REFERENCES COMPETENCE (ID))   ;

ALTER TABLE NIVEAU_FORM ADD (
     CONSTRAINT FK_NIVEAU_FORM_FORMATION
          FOREIGN KEY (ID_FORMATION)
               REFERENCES FORMATION (ID))   ;
	       
	 
DROP SEQUENCE "SYSTEM"."SEQ_THEME" ;

DROP SEQUENCE "SYSTEM"."SEQ_CATEGORIE" ;

DROP SEQUENCE "SYSTEM"."SEQ_METIER" ;

DROP SEQUENCE "SYSTEM"."SEQ_POSTE" ;

DROP SEQUENCE "SYSTEM"."SEQ_EMPLOYE" ;

DROP SEQUENCE "SYSTEM"."SEQ_DIPLOME" ;

DROP SEQUENCE "SYSTEM"."SEQ_EMPLOI_PRECEDENT" ;

DROP SEQUENCE "SYSTEM"."SEQ_UTILISATEUR" ;

DROP SEQUENCE "SYSTEM"."SEQ_SESSIONS" ;

DROP SEQUENCE "SYSTEM"."SEQ_FORMATION" ;

DROP SEQUENCE "SYSTEM"."SEQ_ORGANISME" ;

DROP SEQUENCE "SYSTEM"."SEQ_COMPETENCE" ;

DROP SEQUENCE "SYSTEM"."SEQ_PLAN_FORMATION" ;

DROP SEQUENCE "SYSTEM"."SEQ_EVALUATION" ;
	       

CREATE SEQUENCE "SYSTEM"."SEQ_THEME" INCREMENT BY 1 START WITH 1 ;

CREATE SEQUENCE "SYSTEM"."SEQ_CATEGORIE" INCREMENT BY 1 START WITH 1 ;

CREATE SEQUENCE "SYSTEM"."SEQ_METIER" INCREMENT BY 1 START WITH 1 ;

CREATE SEQUENCE "SYSTEM"."SEQ_POSTE" INCREMENT BY 1 START WITH 1 ;

CREATE SEQUENCE "SYSTEM"."SEQ_EMPLOYE" INCREMENT BY 1 START WITH 1 ;

CREATE SEQUENCE "SYSTEM"."SEQ_DIPLOME" INCREMENT BY 1 START WITH 1 ;

CREATE SEQUENCE "SYSTEM"."SEQ_EMPLOI_PRECEDENT" INCREMENT BY 1 START WITH 1 ;

CREATE SEQUENCE "SYSTEM"."SEQ_UTILISATEUR" INCREMENT BY 1 START WITH 1 ;

CREATE SEQUENCE "SYSTEM"."SEQ_SESSIONS" INCREMENT BY 1 START WITH 1 ;

CREATE SEQUENCE "SYSTEM"."SEQ_FORMATION" INCREMENT BY 1 START WITH 1 ;

CREATE SEQUENCE "SYSTEM"."SEQ_ORGANISME" INCREMENT BY 1 START WITH 1 ;

CREATE SEQUENCE "SYSTEM"."SEQ_COMPETENCE" INCREMENT BY 1 START WITH 1 ;

CREATE SEQUENCE "SYSTEM"."SEQ_PLAN_FORMATION" INCREMENT BY 1 START WITH 1 ;

CREATE SEQUENCE "SYSTEM"."SEQ_EVALUATION" INCREMENT BY 1 START WITH 1 ;


insert into "SYSTEM"."DROIT" values(1, 'drh');
insert into "SYSTEM"."DROIT" values(2, 'administration');
insert into "SYSTEM"."DROIT" values(3, 'carrieres');
insert into "SYSTEM"."DROIT" values(4, 'formations');

insert into "SYSTEM"."UTILISATEUR" values(1, 1, 'Ismail Elkodadi', 'ismail', '123456');
insert into "SYSTEM"."UTILISATEUR" values(2, 2, 'Nacer FARID', 'nacer', '123456789');
insert into "SYSTEM"."UTILISATEUR" values(3, 3, 'Boutaina Ouafi', 'boutaina', '456789');
insert into "SYSTEM"."UTILISATEUR" values(4, 4, 'Asmaa Ezzerbi', 'asma', '987654321');

insert into "SYSTEM"."THEME" values(1, 'Managements');
insert into "SYSTEM"."THEME" values(2, 'Finances');
insert into "SYSTEM"."THEME" values(3, 'Informatiques');

insert into "SYSTEM"."CATEGORIE" values(1, 1, 'Marketing');
insert into "SYSTEM"."CATEGORIE" values(2, 1, 'Gestion des produits');
insert into "SYSTEM"."CATEGORIE" values(3, 2, 'Commerce');
insert into "SYSTEM"."CATEGORIE" values(4, 2, 'Vente et achat');
insert into "SYSTEM"."CATEGORIE" values(5, 3, 'Developpement');
insert into "SYSTEM"."CATEGORIE" values(6, 3, 'Reseau');

insert into "SYSTEM"."METIER" values(1, 2, 'Responsable d''achat');
insert into "SYSTEM"."METIER" values(2, 3, 'Comptable');
insert into "SYSTEM"."METIER" values(3, 5, 'ingénieur en PHP');
insert into "SYSTEM"."METIER" values(4, 6, 'Administrateur Web');

insert into "SYSTEM"."CONTRAT" values(1, 'CDI');
insert into "SYSTEM"."CONTRAT" values(2, 'CDD');
insert into "SYSTEM"."CONTRAT" values(3, 'Stage');

insert into "SYSTEM"."CIVILITE" values(1, 'Mr');
insert into "SYSTEM"."CIVILITE" values(2, 'Mme');
insert into "SYSTEM"."CIVILITE" values(3, 'Mlle');

insert into "SYSTEM"."COMPETENCE" values(1, 'Développement Web');
insert into "SYSTEM"."COMPETENCE" values(2, 'Expertisme en comptabilité');


insert into "SYSTEM"."NIVEAU_ETUDE" values(1, 'Bac');
insert into "SYSTEM"."NIVEAU_ETUDE" values(2, 'Bac +2');
insert into "SYSTEM"."NIVEAU_ETUDE" values(3, 'bac +3');
insert into "SYSTEM"."NIVEAU_ETUDE" values(4, 'bac +4');
insert into "SYSTEM"."NIVEAU_ETUDE" values(5, 'bac +5');
insert into "SYSTEM"."NIVEAU_ETUDE" values(6, 'bac >5');

insert into "SYSTEM"."SITUATION_FAMILIALE" values(1, 'Marié');
insert into "SYSTEM"."SITUATION_FAMILIALE" values(2, 'Celibataire');

insert into "SYSTEM"."POSTE" values(1, 2, 'Responsable des affaires financières', 0);
insert into "SYSTEM"."POSTE" values(2, 1, 'Responsable Commercial', 1);
insert into "SYSTEM"."POSTE" values(3, 3, 'Responsable Service Informatique', 1);

insert into "SYSTEM"."EMPLOYE" values(1, 1, 2, 1, 'Soumiaa', 'Med-Amine', '', '', '0611223344', '', '30/04/96', 'soumi3@gmail.com', 'route de berrechid', '26100', 'BenAhmed', '', null);
insert into "SYSTEM"."EMPLOYE" values(2, 1, 2, null, 'Nacer', 'Ismail', '', '', '0699887766', '', '27/07/94', 'isna@gmail.com', '19 settat', '26000', 'settat', '', null);

insert into "SYSTEM"."ORGANISME" values(1, 'ESTB', 'Ecole Superieure de Technologie de Berrechid');

insert into "SYSTEM"."DIPLOME" values(1, 2, 1, 'Bac Sciences Physiques', 'Lycée Othman Ben Affan', 2012);
insert into "SYSTEM"."DIPLOME" values(2, 4, 1, 'Bac Sciences Maths', 'Lycée Iqraa', 2012);

insert into "SYSTEM"."PLAN_FORMATION" values(1, 2014);

insert into "SYSTEM"."FORMATION" values(1, 1, 'Introduction aux bases du Web', 100, 20);

insert into "SYSTEM"."NIVEAU_FORM" values(1, 1, 1);

insert into "SYSTEM"."SESSIONS" values(1, 1, 1, '02/04/14', '23/04/14');

insert into "SYSTEM"."INSCRIPTION" values(1, 1, 'En Attente', 0);

insert into "SYSTEM"."EVALUATION" values(1, 1, '10/10/14', 'Bonne repartie');

commit;